{"Fid":"dwoJz5_PT8KwnoUg2rLsrn","Status":3,"RefreshToken":"3_AS3qfwIgQeMGmXdma9pncd9dUThq-xyB0E6BcdpG__w9ajTz4TwCVUjxhLLprnMxEXhNgqKU-1uRLKsR9Wq7oCSJAfpGltLDwUfO7SvJe-MeS5M","AuthToken":"eyJhbGciOiJFUzI1NiIsInR5cCI6IkpXVCJ9.eyJhcHBJZCI6IjE6MzY3MjY5MDA4OTg2OmFuZHJvaWQ6NzliMWNhNTQ5NTQxMTEyNCIsImV4cCI6MTc1NTkzMjQ0OCwiZmlkIjoiZHdvSno1X1BUOEt3bm9VZzJyTHNybiIsInByb2plY3ROdW1iZXIiOjM2NzI2OTAwODk4Nn0.AB2LPV8wRQIgIv2QVnQubEyJZN2WKG8CryQgCZKHcmWqPJ2lsxIHnE4CIQCuQsdc3im008M__OZCB86QOjDv_et_rcoP5ocrfdIaTw","TokenCreationEpochInSecs":1755327650,"ExpiresInSecs":604800}